<?xml version="1.0" encoding="UTF-8"?>



<beans xsi:schemaLocation=" http://www.springframework.org/schema/beans http://www.springframework.org/schema/beans/spring-beans.xsd http://www.springframework.org/schema/context http://www.springframework.org/schema/context/spring-context.xsd http://www.springframework.org/schema/mvc http://www.springframework.org/schema/mvc/spring-mvc.xsd" xmlns:mvc="http://www.springframework.org/schema/mvc" xmlns:xsi="http://www.w3.org/2001/XMLSchema-instance" xmlns:context="http://www.springframework.org/schema/context" xmlns="http://www.springframework.org/schema/beans">

<mvc:annotation-driven/>

<!-- To identify SpringController -->

<!-- Change your base package -->

<context:component-scan base-package="com.niit"/>

<!-- To identify jsp pages by the name returned by the ModelAndView Name -->


<mvc:resources location="/resources/" mapping="/resources/**"></mvc:resources>

<bean class="org.springframework.web.servlet.view.InternalResourceViewResolver" id="viewResolver">

<property value="/WEB-INF/views/" name="prefix"/>

<property value=".jsp" name="suffix"/>


</bean>

</beans>


